{
  "captured_at": "2026-05-15T10:44:14.476Z",
  "captured_against_sha": "93cc0b9",
  "captured_in_env": "local",
  "samples": 10,
  "metrics": {
    "hook_route_inject": {
      "p50": 669.352583,
      "p95": 721.608167,
      "p99": 721.608167
    },
    "npm_test_duration": {
      "p50": 6234.498209,
      "p95": 6382.806166,
      "p99": 6382.806166
    },
    "rebuild_registry": {
      "p50": 315.378791,
      "p95": 320.246166,
      "p99": 320.246166
    }
  },
  "notes": "Captured locally; CI re-run recommended for the canonical reference."
}
